system_type,initial_value,final_value,max_value,min_value,range_value
Balancing,10,99.99998601904468,99.99998601904468,10,89.99998601904468
Combined Reinforcing and Balancing,20,105.80540971967113,105.80540971967113,20,85.80540971967113
Delayed Balancing,20,95.45383310298007,104.08663234498329,20,84.08663234498329
Reinforcing,10,1447.5014725375522,1447.5014725375522,10,1437.5014725375522
